{"cameraMode":{"drawMode":0,"name":"Shaded","section":"Shading Mode"},"sceneLighting":false,"audioPlay":false,"sceneViewState":{"showFog":true,"showMaterialUpdate":false,"showSkybox":true,"showFlares":true,"showImageEffects":true,"showParticleSystems":true},"in2DMode":false,"pivot":{"x":-0.1884765625,"y":1.4390325546264649,"z":-0.8599789142608643},"rotation":{"x":0.058891408145427707,"y":0.6998032927513123,"z":-0.05808383226394653,"w":0.7095304727554321},"size":3.0533745288848879,"orthographic":false}